Dmax_m,Re_impact,V_impact_mps,diameter_in,impact_time_s,impact_x_mps,impact_z_mps,model,psi_impact,release_height_m,status,wind_mps
0.0254,nan,19.416583153388263,1.0,6.509563980318854,0.0,-19.416583153388263,Model 2,0.9205792804799058,100.0,supported,0.0
0.0254,nan,37.5550710163909,1.0,6.863602233957004,32.18665666634107,-19.34948298247902,Model 3,0.9205792804799058,100.0,sensitivity,33.3
0.0254,nan,19.471891593114055,1.0,14.215788945971173,0.0,-19.471891593114055,Model 2,0.9205792804799058,250.0,supported,0.0
0.0254,nan,38.56301973053854,1.0,14.51386047075081,33.27535643940691,-19.489924180671558,Model 3,0.9205792804799058,250.0,sensitivity,33.3
0.0254,nan,19.471915206103976,1.0,27.054794292915854,0.0,-19.471915206103976,Model 2,0.9205792804799058,500.0,supported,0.0
0.0254,nan,38.58430912731243,1.0,27.128691014463833,33.29995137154847,-19.490052577777014,Model 3,0.9205792804799058,500.0,sensitivity,33.3
0.0254,nan,19.471915206161196,1.0,52.732802578503,0.0,-19.471915206161196,Model 2,0.9205792804799058,1000.0,supported,0.0
0.0254,nan,38.58435091960789,1.0,51.90322920486387,33.29999999970427,-19.490052229461625,Model 3,0.9205792804799058,1000.0,sensitivity,33.3
0.0254,nan,19.471915206161196,1.0,155.44483572084258,0.0,-19.471915206161196,Model 2,0.9205792804799058,3000.0,supported,0.0
0.0254,nan,38.58435107028404,1.0,145.07677860801547,33.29999999999986,-19.490052527249347,Model 3,0.9205792804799058,3000.0,sensitivity,33.3
0.0254,nan,19.471915206161196,1.0,258.1568688631852,0.0,-19.471915206161196,Model 2,0.9205792804799058,5000.0,supported,0.0
0.0254,nan,38.58435094083585,1.0,229.14549881041822,33.29999999999986,-19.490052270981458,Model 3,0.9205792804799058,5000.0,sensitivity,33.3
0.0254,nan,19.471915206161196,1.0,360.8689020055197,0.0,-19.471915206161196,Model 2,0.9205792804799058,7000.0,supported,0.0
0.0254,nan,38.584350931147775,1.0,304.6065335453841,33.29999999999986,-19.490052251802027,Model 3,0.9205792804799058,7000.0,sensitivity,33.3
0.0254,nan,19.471915206161196,1.0,514.9369517190786,0.0,-19.471915206161196,Model 2,0.9205792804799058,10000.0,supported,0.0
0.0254,nan,38.58435085498431,1.0,402.73938120503396,33.29999999999986,-19.490052101021618,Model 3,0.9205792804799058,10000.0,sensitivity,33.3
0.03175,nan,21.316545771198953,1.25,6.167478648057357,0.0,-21.316545771198953,Model 2,0.8952624927693241,100.0,supported,0.0
0.03175,nan,37.87582568863267,1.25,6.524872891205049,31.415695815852743,-21.157320907938676,Model 3,0.8952624927693241,100.0,sensitivity,33.3
0.03175,nan,21.469176900886776,1.25,13.161951394328085,0.0,-21.469176900886776,Model 2,0.8952624927693241,250.0,supported,0.0
0.03175,nan,39.564778025018356,1.25,13.475847383813228,33.21804031717442,-21.492637289442875,Model 3,0.8952624927693241,250.0,sensitivity,33.3
0.03175,nan,21.4694344559215,1.25,24.806425885318276,0.0,-21.4694344559215,Model 2,0.8952624927693241,500.0,supported,0.0
0.03175,nan,39.63381512604687,1.25,24.917825695175033,33.29951112873051,-21.49376328224573,Model 3,0.8952624927693241,500.0,sensitivity,33.3
0.03175,nan,21.469434462101116,1.25,48.095348604236996,0.0,-21.469434462101116,Model 2,0.8952624927693241,1000.0,supported,0.0
0.03175,nan,39.63422587649964,1.25,47.388874507470995,33.299999974898874,-21.49376333965573,Model 3,0.8952624927693241,1000.0,sensitivity,33.3
0.03175,nan,21.469434462101116,1.25,141.2510394786515,0.0,-21.469434462101116,Model 2,0.8952624927693241,3000.0,supported,0.0
0.03175,nan,39.634225953175175,1.25,131.89941978148252,33.29999999999984,-21.493763442155842,Model 3,0.8952624927693241,3000.0,sensitivity,33.3
0.03175,nan,21.469434462101116,1.25,234.4067303530778,0.0,-21.469434462101116,Model 2,0.8952624927693241,5000.0,supported,0.0
0.03175,nan,39.63422594598837,1.25,208.15179402043208,33.29999999999985,-21.493763428903463,Model 3,0.8952624927693241,5000.0,sensitivity,33.3
0.03175,nan,21.469434462101116,1.25,327.56242122745795,0.0,-21.469434462101116,Model 2,0.8952624927693241,7000.0,supported,0.0
0.03175,nan,39.63422585604432,1.25,276.5968919563901,33.29999999999985,-21.493763263047768,Model 3,0.8952624927693241,7000.0,sensitivity,33.3
0.03175,nan,21.469434462101116,1.25,467.29595753912776,0.0,-21.469434462101116,Model 2,0.8952624927693241,10000.0,supported,0.0
0.03175,nan,39.63422586131406,1.25,365.6062459360913,33.29999999999984,-21.493763272765115,Model 3,0.8952624927693241,10000.0,sensitivity,33.3
0.038099999999999995,nan,22.865258574491424,1.5,5.938453425979243,0.0,-22.865258574491424,Model 2,0.8686932722662523,100.0,supported,0.0
0.038099999999999995,nan,38.05781908591125,1.5,6.294193326743197,30.62208376286325,-22.598353470908833,Model 3,0.8686932722662523,100.0,sensitivity,33.3
0.038099999999999995,nan,23.165723517787896,1.5,12.428558156867185,0.0,-23.165723517787896,Model 2,0.8686932722662523,250.0,supported,0.0
0.038099999999999995,nan,40.43232149594093,1.5,12.752844134788795,33.11889027387754,-23.192924105812676,Model 3,0.8686932722662523,250.0,sensitivity,33.3
0.038099999999999995,nan,23.166971226745034,1.5,23.21984675040585,0.0,-23.166971226745034,Model 2,0.8686932722662523,500.0,supported,0.0
0.038099999999999995,nan,40.58162702637963,1.5,23.35729183499506,33.297771865616085,-23.197561097959664,Model 3,0.8686932722662523,500.0,sensitivity,33.3
0.038099999999999995,nan,23.166971361166347,1.5,44.80229671177195,0.0,-23.166971361166347,Model 2,0.8686932722662523,1000.0,supported,0.0
0.038099999999999995,nan,40.58345556321928,1.5,44.18316984751004,33.299999537869134,-23.1975622906742,Model 3,0.8686932722662523,1000.0,sensitivity,33.3
0.038099999999999995,nan,23.166971361166347,1.5,131.13209652982235,0.0,-23.166971361166347,Model 2,0.8686932722662523,3000.0,supported,0.0
0.038099999999999995,nan,40.583455865117806,1.5,122.50722074872365,33.299999999999834,-23.197562155450214,Model 3,0.8686932722662523,3000.0,sensitivity,33.3
0.038099999999999995,nan,23.166971361166347,1.5,217.46189634789036,0.0,-23.166971361166347,Model 2,0.8686932722662523,5000.0,supported,0.0
0.038099999999999995,nan,40.58345605827541,1.5,193.17905915986503,33.299999999999834,-23.197562493373788,Model 3,0.8686932722662523,5000.0,sensitivity,33.3
0.038099999999999995,nan,23.166971361166347,1.5,303.7916961659129,0.0,-23.166971361166347,Model 2,0.8686932722662523,7000.0,supported,0.0
0.038099999999999995,nan,40.58345595896502,1.5,256.6167857311129,33.299999999999834,-23.197562319633168,Model 3,0.8686932722662523,7000.0,sensitivity,33.3
0.038099999999999995,nan,23.166971361166347,1.5,433.2863958929958,0.0,-23.166971361166347,Model 2,0.8686932722662523,10000.0,supported,0.0
0.038099999999999995,nan,40.583455950854606,1.5,339.1186676625688,33.299999999999834,-23.19756230544423,Model 3,0.8686932722662523,10000.0,sensitivity,33.3
0.044449999999999996,nan,24.13236052124916,1.75,5.776608085207267,0.0,-24.13236052124916,Model 2,0.8410351891391397,100.0,supported,0.0
0.044449999999999996,nan,38.1602180211293,1.75,6.128166487629113,29.862797982353023,-23.757431176061395,Model 3,0.8410351891391397,100.0,sensitivity,33.3
0.044449999999999996,nan,24.617831895265862,1.75,11.893693504211138,0.0,-24.617831895265862,Model 2,0.8410351891391397,250.0,supported,0.0
0.044449999999999996,nan,41.174760190774286,1.75,12.225006528255216,32.98391125945034,-24.645942359676088,Model 3,0.8410351891391397,250.0,sensitivity,33.3
0.044449999999999996,nan,24.62161172179183,1.75,22.047567110607247,0.0,-24.62161172179183,Model 2,0.8410351891391397,500.0,supported,0.0
0.044449999999999996,nan,41.43060770410344,1.75,22.20395938979352,33.29355682980485,-24.65835210130373,Model 3,0.8410351891391397,500.0,sensitivity,33.3
0.044449999999999996,nan,24.621612882877596,1.75,42.354928932759876,0.0,-24.621612882877596,Model 2,0.8410351891391397,1000.0,supported,0.0
0.044449999999999996,nan,41.43578759845885,1.75,41.80061453151031,33.29999646136896,-24.65836023699489,Model 3,0.8410351891391397,1000.0,sensitivity,33.3
0.044449999999999996,nan,24.621612882877663,1.75,123.58437598457752,0.0,-24.621612882877663,Model 2,0.8410351891391397,3000.0,supported,0.0
0.044449999999999996,nan,41.43579071160033,1.75,115.50235602155584,33.29999999999982,-24.65836068954213,Model 3,0.8410351891391397,3000.0,sensitivity,33.3
0.044449999999999996,nan,24.621612882877663,1.75,204.81382303639458,0.0,-24.621612882877663,Model 2,0.8410351891391397,5000.0,supported,0.0
0.044449999999999996,nan,41.43579041213503,1.75,182.00474810146804,33.29999999999982,-24.65836018632206,Model 3,0.8410351891391397,5000.0,sensitivity,33.3
0.044449999999999996,nan,24.621612882877663,1.75,286.0432700882085,0.0,-24.621612882877663,Model 2,0.8410351891391397,7000.0,supported,0.0
0.044449999999999996,nan,41.43579065013615,1.75,241.70142021832453,33.29999999999982,-24.658360586258002,Model 3,0.8410351891391397,7000.0,sensitivity,33.3
0.044449999999999996,nan,24.621612882877663,1.75,407.8874406659711,0.0,-24.621612882877663,Model 2,0.8410351891391397,10000.0,supported,0.0
0.044449999999999996,nan,41.43579088009024,1.75,319.34194235433534,33.29999999999982,-24.65836097267175,Model 3,0.8410351891391397,10000.0,sensitivity,33.3
0.0508,nan,25.170100784745586,2.0,5.658033781849572,0.0,-25.170100784745586,Model 2,0.8124094261626313,100.0,supported,0.0
0.0508,nan,38.21751577306977,2.0,6.004329362655611,29.16699028545476,-24.695448761928265,Model 3,0.8124094261626313,100.0,sensitivity,33.3
0.0508,nan,25.86127812280025,2.0,11.491786847419094,0.0,-25.86127812280025,Model 2,0.8124094261626313,250.0,supported,0.0
0.0508,nan,41.80452649527622,2.0,11.827872788880057,32.82497896450309,-25.887046789353576,Model 3,0.8124094261626313,250.0,sensitivity,33.3
0.0508,nan,25.869782143983368,2.0,21.15600288844848,0.0,-25.869782143983368,Model 2,0.8124094261626313,500.0,supported,0.0
0.0508,nan,42.18307654514295,2.0,21.32659558186569,33.28602288353547,-25.912402964799355,Model 3,0.8124094261626313,500.0,sensitivity,33.3
0.0508,nan,25.86978774050833,2.0,40.48356801565663,0.0,-25.86978774050833,Model 2,0.8124094261626313,1000.0,supported,0.0
0.0508,nan,42.19411618691477,2.0,39.97874234899016,33.299984418484534,-25.912438683449892,Model 3,0.8124094261626313,1000.0,sensitivity,33.3
0.0508,nan,25.869787740510702,2.0,117.79382738311777,0.0,-25.869787740510702,Model 2,0.8124094261626313,3000.0,supported,0.0
0.0508,nan,42.194128566018875,2.0,110.12883337729129,33.29999999999981,-25.9124388170188,Model 3,0.8124094261626313,3000.0,sensitivity,33.3
0.0508,nan,25.869787740510702,2.0,195.10408675056829,0.0,-25.869787740510702,Model 2,0.8124094261626313,5000.0,supported,0.0
0.0508,nan,42.19412856938111,2.0,173.427610530714,33.29999999999981,-25.912438822493638,Model 3,0.8124094261626313,5000.0,sensitivity,33.3
0.0508,nan,25.869787740510702,2.0,272.4143461180395,0.0,-25.869787740510702,Model 2,0.8124094261626313,7000.0,supported,0.0
0.0508,nan,42.19412877141893,2.0,230.24990804607052,33.29999999999981,-25.91243915147888,Model 3,0.8124094261626313,7000.0,sensitivity,33.3
0.0508,nan,25.869787740510702,2.0,388.3797351691899,0.0,-25.869787740510702,Model 2,0.8124094261626313,10000.0,supported,0.0
0.0508,nan,42.19412876385134,2.0,304.1554759359262,33.29999999999981,-25.9124391391563,Model 3,0.8124094261626313,10000.0,sensitivity,33.3
0.0635,nan,26.707635631647175,2.5,5.501509150214453,0.0,-26.707635631647175,Model 2,0.7526115451682988,100.0,supported,0.0
0.0635,nan,38.26728245842847,2.5,5.837054076648575,28.01192147453778,-26.071385886781627,Model 3,0.7526115451682988,100.0,sensitivity,33.3
0.0635,nan,27.813610441184824,2.5,10.946712811171643,0.0,-27.813610441184824,Model 2,0.7526115451682988,250.0,supported,0.0
0.0635,nan,42.774779586591414,2.5,11.288085726977291,32.48618669462533,-27.826775643675024,Model 3,0.7526115451682988,250.0,sensitivity,33.3
0.0635,nan,27.838455678546964,2.5,19.928348716095655,0.0,-27.838455678546964,Model 2,0.7526115451682988,500.0,supported,0.0
0.0635,nan,43.40788311718718,2.5,20.11811384975316,33.26123876785161,-27.8914738288128,Model 3,0.7526115451682988,500.0,sensitivity,33.3
0.0635,nan,27.838500145345108,2.5,37.8890887165174,0.0,-27.838500145345108,Model 2,0.7526115451682988,1000.0,supported,0.0
0.0635,nan,43.437654643338355,2.5,37.452751086276436,33.29989058827996,-27.89170356436691,Model 3,0.7526115451682988,1000.0,sensitivity,33.3
0.0635,nan,27.83850014548711,2.5,109.73203964950527,0.0,-27.83850014548711,Model 2,0.7526115451682988,3000.0,supported,0.0
0.0635,nan,43.43773883568962,2.5,102.64862713938868,33.2999999999998,-27.891704056181144,Model 3,0.7526115451682988,3000.0,sensitivity,33.3
0.0635,nan,27.83850014548711,2.5,181.57499058247535,0.0,-27.83850014548711,Model 2,0.7526115451682988,5000.0,supported,0.0
0.0635,nan,43.43773882638341,2.5,161.47879739343088,33.2999999999998,-27.89170404168792,Model 3,0.7526115451682988,5000.0,sensitivity,33.3
0.0635,nan,27.83850014548711,2.5,253.41794151547776,0.0,-27.83850014548711,Model 2,0.7526115451682988,7000.0,supported,0.0
0.0635,nan,43.43773875618312,2.5,214.2918976993977,33.2999999999998,-27.891703932360013,Model 3,0.7526115451682988,7000.0,sensitivity,33.3
0.0635,nan,27.83850014548711,2.5,361.18236791494104,0.0,-27.83850014548711,Model 2,0.7526115451682988,10000.0,supported,0.0
0.0635,nan,43.43773872391339,2.5,282.98831055278714,33.2999999999998,-27.89170388210405,Model 3,0.7526115451682988,10000.0,sensitivity,33.3
0.07619999999999999,nan,27.695533925417475,3.0,5.411158774684609,0.0,-27.695533925417475,Model 2,0.6898554363002369,100.0,supported,0.0
0.07619999999999999,nan,38.28297445057911,3.0,5.737987432675616,27.189709909823073,-26.95006136919473,Model 3,0.6898554363002369,100.0,sensitivity,33.3
0.07619999999999999,nan,29.150051255473986,3.0,10.623928993369379,0.0,-29.150051255473986,Model 2,0.6898554363002369,250.0,supported,0.0
0.07619999999999999,nan,43.4234338190307,3.0,10.96739880029944,32.18826785108305,-29.146355130318998,Model 3,0.6898554363002369,250.0,sensitivity,33.3
0.07619999999999999,nan,29.196303749769243,3.0,19.188972709725732,0.0,-29.196303749769243,Model 2,0.6898554363002369,500.0,supported,0.0
0.07619999999999999,nan,44.27445304178257,3.0,19.39001079787942,33.230157949221095,-29.257200734500017,Model 3,0.6898554363002369,500.0,sensitivity,33.3
0.07619999999999999,nan,29.19645099390585,3.0,36.31434932716197,0.0,-29.19645099390585,Model 2,0.6898554363002369,1000.0,supported,0.0
0.07619999999999999,nan,44.32708834058216,3.0,35.919496516725445,33.299663652156745,-29.257873494275103,Model 3,0.6898554363002369,1000.0,sensitivity,33.3
0.07619999999999999,nan,29.196450995390986,3.0,104.81582576749715,0.0,-29.196450995390986,Model 2,0.6898554363002369,3000.0,supported,0.0
0.07619999999999999,nan,44.32734092606347,3.0,98.08775386908586,33.29999999999785,-29.25787336044102,Model 3,0.6898554363002369,3000.0,sensitivity,33.3
0.07619999999999999,nan,29.196450995390986,3.0,173.31730220776203,0.0,-29.196450995390986,Model 2,0.6898554363002369,5000.0,supported,0.0
0.07619999999999999,nan,44.327340703830615,3.0,154.18716149740126,33.29999999999979,-29.257873023743414,Model 3,0.6898554363002369,5000.0,sensitivity,33.3
0.07619999999999999,nan,29.196450995390986,3.0,241.81877864803067,0.0,-29.196450995390986,Model 2,0.6898554363002369,7000.0,supported,0.0
0.07619999999999999,nan,44.32734101286961,3.0,204.55035779767476,33.29999999999979,-29.257873491955056,Model 3,0.6898554363002369,7000.0,sensitivity,33.3
0.07619999999999999,nan,29.196450995390986,3.0,344.57099330839395,0.0,-29.196450995390986,Model 2,0.6898554363002369,10000.0,supported,0.0
0.07619999999999999,nan,44.3273408497454,3.0,270.06387510368756,33.29999999999979,-29.257873244812597,Model 3,0.6898554363002369,10000.0,sensitivity,33.3
0.08255,nan,28.02420617068467,3.25,5.382657192357723,0.0,-28.02420617068467,Model 2,0.6574932105184509,100.0,supported,0.0
0.08255,nan,38.28627054528201,3.25,5.706279141007635,26.901920128152707,-27.241975069458913,Model 3,0.6574932105184509,100.0,sensitivity,33.3
0.08255,nan,29.61075938247842,3.25,10.520804814445118,0.0,-29.61075938247842,Model 2,0.6574932105184509,250.0,supported,0.0
0.08255,nan,43.644031860595305,3.25,10.864713312632052,32.07294351588603,-29.599456266550614,Model 3,0.6574932105184509,250.0,sensitivity,33.3
0.08255,nan,29.667063483485308,3.25,18.950469421253583,0.0,-29.667063483485308,Model 2,0.6574932105184509,500.0,supported,0.0
0.08255,nan,44.57819412037681,3.25,19.155089033812214,33.21588803066737,-29.730795034242952,Model 3,0.6574932105184509,500.0,sensitivity,33.3
0.08255,nan,29.667278419841573,3.25,35.804065426495185,0.0,-29.667278419841573,Model 2,0.6574932105184509,1000.0,supported,0.0
0.08255,nan,44.64117323124695,3.25,35.422639839699265,33.29952068025842,-29.731738427600256,Model 3,0.6574932105184509,1000.0,sensitivity,33.3
0.08255,nan,29.667278422955984,3.25,103.21840561272398,0.0,-29.667278422955984,Model 2,0.6574932105184509,3000.0,supported,0.0
0.08255,nan,44.64153064978276,3.25,96.60592438021703,33.29999999999446,-29.73173823973066,Model 3,0.6574932105184509,3000.0,sensitivity,33.3
0.08255,nan,29.667278422955984,3.25,170.6327457987888,0.0,-29.667278422955984,Model 2,0.6574932105184509,5000.0,supported,0.0
0.08255,nan,44.6415308746496,3.25,151.81695246691388,33.299999999999784,-29.731738577357156,Model 3,0.6574932105184509,5000.0,sensitivity,33.3
0.08255,nan,29.667278422955984,3.25,238.04708598486516,0.0,-29.667278422955984,Model 2,0.6574932105184509,7000.0,supported,0.0
0.08255,nan,44.64153046658703,3.25,201.38316035488293,33.299999999999784,-29.731737964660457,Model 3,0.6574932105184509,7000.0,sensitivity,33.3
0.08255,nan,29.667278422955984,3.25,339.16859626395484,0.0,-29.667278422955984,Model 2,0.6574932105184509,10000.0,supported,0.0
0.08255,nan,44.641530466792965,3.25,265.86128684718295,33.299999999999784,-29.731737964969675,Model 3,0.6574932105184509,10000.0,sensitivity,33.3
