wind_speed_mps,direction,wind_x_mps,roof_pitch_deg,diameter_in,vx_impact_mps,vz_impact_mps,V_impact_mps,vn_M3_mps,vt_M3_mps,vn_M4_mps,vt_M4_mps,Fn_M3_N,Fn_M4_N,Fn_evidence
10.0,against_pitch_uphill,10.0,15.0,1.0,9.999999999840057,-19.490052044438446,21.905755606500325,21.414135076424962,4.614861603596199,21.583568578053928,4.56946203366394,873.9688880052279,881.6142359149969,published_analytical_application
10.0,against_pitch_uphill,10.0,15.0,1.25,9.999999986966532,-21.493762901632156,23.70615623442378,23.34957113847226,4.0962630604409,23.550271405610424,4.042485585940518,1438.1489059096969,1452.520989929436,published_analytical_application
10.0,against_pitch_uphill,10.0,15.0,1.5,9.999999767553012,-23.197561757528977,25.261173109050798,24.995314399396367,3.655287255573732,25.226847211776537,3.5932482254751585,2165.7830751519673,2190.2546913413867,published_analytical_application
10.0,against_pitch_uphill,10.0,15.0,1.75,9.99999826441092,-24.658360673422703,26.608921744197392,26.40633741023139,3.2772032231515524,26.668337031723894,3.207000636155376,3064.722420598708,3103.536536332172,published_analytical_application
10.0,against_pitch_uphill,10.0,15.0,2.0,9.999992510715396,-25.912438774800396,27.775066759094262,27.617682347369684,2.9526183688258922,27.90970145193929,2.8743720855820056,4139.556078759692,4197.852526375191,published_analytical_application
10.0,against_pitch_uphill,10.0,15.0,2.5,9.999948938537905,-27.891703941593168,29.63015571236252,29.52949441173979,2.4403047608603603,29.879731535032903,2.346459006514572,6815.829911437691,6931.90963727296,published_analytical_application
10.0,against_pitch_uphill,10.0,15.0,3.0,9.999845947807025,-29.257873159874148,30.919574072408512,30.849085886795915,2.0866146669295937,31.254149872557054,1.9780780990619649,10145.752445290422,10348.907280737274,published_analytical_application
10.0,against_pitch_uphill,10.0,15.0,3.25,9.999781828245911,-29.73173794123875,31.36832602513263,31.30678752192123,1.9639075019690417,31.737567324989744,1.8484804016211958,12017.587121822526,12275.800673137353,published_analytical_application
10.0,against_pitch_uphill,10.0,30.0,1.0,9.999999999840057,-19.490052044438446,21.905755606500325,21.87888019148456,1.0847719845133488,22.030790113208635,1.17247721871332,894.9954405010022,901.9071930706572,published_analytical_application
10.0,against_pitch_uphill,10.0,30.0,1.25,9.999999986966532,-21.493762901632156,23.70615623442378,23.614144689216243,2.086627424259003,23.794087625989896,2.1905175272440434,1457.1091482607803,1470.0723873594752,published_analytical_application
10.0,against_pitch_uphill,10.0,30.0,1.5,9.999999767553012,-23.197561757528977,25.261173109050798,25.08967767165499,2.938527042225096,25.297264312237136,3.058377245045369,2175.737360105934,2197.729376185965,published_analytical_application
10.0,against_pitch_uphill,10.0,30.0,1.75,9.99999826441092,-24.658360673422703,26.608921744197392,26.354765891068677,3.6689278019311966,26.589668325416174,3.8045487856350197,3057.12134200995,3091.846994064005,published_analytical_application
10.0,against_pitch_uphill,10.0,30.0,2.0,9.999992510715396,-25.912438774800396,27.775066759094262,27.440826508343758,4.295971835466533,27.702643674905346,4.447132047059332,4104.551831081794,4156.452409202616,published_analytical_application
10.0,against_pitch_uphill,10.0,30.0,2.5,9.999948938537905,-27.891703941593168,29.63015571236252,29.154898637523196,5.285642153475524,29.468912651710497,5.466938229095876,6693.620018091428,6795.931563176937,published_analytical_application
10.0,against_pitch_uphill,10.0,30.0,3.0,9.999845947807025,-29.257873159874148,30.919574072408512,30.33798439105741,5.96881595520531,30.701154825349477,6.178492503205548,9895.098595125088,10072.567528704312,published_analytical_application
10.0,against_pitch_uphill,10.0,30.0,3.25,9.999781828245911,-29.73173794123875,31.36832602513263,30.74833126989736,6.205803875056417,31.134557875233977,6.428791909615705,11691.183628788116,11915.945092647806,published_analytical_application
10.0,against_pitch_uphill,10.0,45.0,1.0,9.999999999840057,-19.490052044438446,21.905755606500325,20.852615778053536,6.7104801545487796,20.976649709750244,6.834514086245488,848.7913308083876,854.332208911957,published_analytical_application
10.0,against_pitch_uphill,10.0,45.0,1.25,9.999999986966532,-21.493762901632156,23.70615623442378,22.269453303609364,8.127317698310517,22.416376096247145,8.274240490948301,1361.9066701109314,1372.172766078251,published_analytical_application
10.0,against_pitch_uphill,10.0,45.0,1.5,9.999999767553012,-23.197561757528977,25.261173109050798,23.474220873243098,9.332085578241832,23.643714655524693,9.501579360523424,2008.7645009195257,2025.9571445494983,published_analytical_application
10.0,against_pitch_uphill,10.0,45.0,1.75,9.99999826441092,-24.658360673422703,26.608921744197392,24.507160629739545,10.365027460502205,24.69895766423587,10.556824494998533,2792.620296982399,2819.4138731085804,published_analytical_application
10.0,against_pitch_uphill,10.0,45.0,2.0,9.999992510715396,-25.912438774800396,27.775066759094262,25.39392369088414,11.251798658601048,25.607696512209863,11.46557147992677,3714.502326199215,3754.033476707731,published_analytical_application
10.0,against_pitch_uphill,10.0,45.0,2.5,9.999948938537905,-27.891703941593168,29.63015571236252,26.793444701907458,12.651381289988713,27.04983607085478,12.907772658936034,5964.234976654844,6040.31234240747,published_analytical_application
10.0,against_pitch_uphill,10.0,45.0,3.0,9.999845947807025,-29.257873159874148,30.919574072408512,27.759399394958056,13.617481633927722,28.055926812851567,13.914009051821232,8714.535199155145,8843.90989186756,published_analytical_application
10.0,against_pitch_uphill,10.0,45.0,3.25,9.999781828245911,-29.73173794123875,31.36832602513263,28.09442705584998,13.952599973572584,28.409779758570647,14.267952676293255,10251.000043048372,10413.590701366402,published_analytical_application
10.0,with_pitch_downhill,-10.0,15.0,1.0,-9.999999999840057,-19.490052044438446,21.905755606500325,16.23775417445734,14.703654921876181,16.407187676086306,14.749054491808439,649.2880484150448,656.4277682426602,published_analytical_application
10.0,with_pitch_downhill,-10.0,15.0,1.25,-9.999999986966532,-21.493762901632156,23.70615623442378,18.173190243168467,15.22225344016174,18.37389051030663,15.27603091466212,1086.595414278352,1099.6663156059456,published_analytical_application
10.0,with_pitch_downhill,-10.0,15.0,1.5,-9.999999767553012,-23.197561757528977,25.261173109050798,19.81893361766937,15.663228821154538,20.050466430049536,15.72526785125311,1653.3633853385093,1675.1111078902413,published_analytical_application
10.0,with_pitch_downhill,-10.0,15.0,1.75,-9.99999826441092,-24.658360673422703,26.608921744197392,21.229957406587992,16.04130994972918,21.491957028080495,16.111512536725357,2354.602632017281,2388.392537904693,published_analytical_application
10.0,with_pitch_downhill,-10.0,15.0,2.0,-9.999992510715396,-25.912438774800396,27.775066759094262,22.44130532205825,16.365883688768633,22.733324426627856,16.444129972012522,3192.546631254252,3242.3622037771984,published_analytical_application
10.0,with_pitch_downhill,-10.0,15.0,2.5,-9.999948938537905,-27.891703941593168,29.63015571236252,24.353139941047097,16.878113121751078,24.70337706434021,16.971958876096863,5272.018337223698,5368.102130144449,published_analytical_application
10.0,with_pitch_downhill,-10.0,15.0,3.0,-9.999845947807025,-29.257873159874148,30.919574072408512,25.672784728028464,17.23160425286819,26.077848713789603,17.34014082073582,7843.556973844291,8007.607142775792,published_analytical_application
10.0,with_pitch_downhill,-10.0,15.0,3.25,-9.999781828245911,-29.73173794123875,31.36832602513263,26.130519553880937,17.35418754834864,26.56129935694945,17.469614648696485,9281.980820301134,9488.524586504387,published_analytical_application
10.0,with_pitch_downhill,-10.0,30.0,1.0,-9.999999999840057,-19.490052044438446,21.905755606500325,11.878880191644503,18.405280059925094,12.03079011336858,18.492985294125067,468.633890652586,474.8547524465703,published_analytical_application
10.0,with_pitch_downhill,-10.0,30.0,1.25,-9.999999986966532,-21.493762901632156,23.70615623442378,13.614144702249712,19.40713547737315,13.794087639023365,19.511025580358194,797.8354642891279,808.9897875195051,published_analytical_application
10.0,with_pitch_downhill,-10.0,30.0,1.5,-9.999999767553012,-23.197561757528977,25.261173109050798,15.08967790410198,20.259034715303876,15.297264544684127,20.37888491812415,1225.8420044984534,1244.0476395078394,published_analytical_application
10.0,with_pitch_downhill,-10.0,30.0,1.75,-9.99999826441092,-24.658360673422703,26.608921744197392,16.35476762665776,20.989432871491502,16.589670061005254,21.125053855195326,1755.3452570587533,1783.1339231095665,published_analytical_application
10.0,with_pitch_downhill,-10.0,30.0,2.0,-9.999992510715396,-25.912438774800396,27.775066759094262,17.440833997628364,21.616466939333858,17.70265116418995,21.767627150926657,2386.846571060441,2427.150181070078,published_analytical_application
10.0,with_pitch_downhill,-10.0,30.0,2.5,-9.999948938537905,-27.891703941593168,29.63015571236252,19.15494969898529,22.606061788117643,19.468963713172595,22.78735786373799,3946.393035283746,4021.948484021013,published_analytical_application
10.0,with_pitch_downhill,-10.0,30.0,3.0,-9.999845947807025,-29.257873159874148,30.919574072408512,20.33813844325039,23.289057204668833,20.701308877542456,23.498733752669068,5860.786780042817,5986.926018570924,published_analytical_application
10.0,with_pitch_downhill,-10.0,30.0,3.25,-9.999781828245911,-29.73173794123875,31.36832602513263,20.748549441651452,23.52593406618233,21.134776046988065,23.74892210074162,6925.829938892783,7083.259740182259,published_analytical_application
10.0,with_pitch_downhill,-10.0,45.0,1.0,-9.999999999840057,-19.490052044438446,21.905755606500325,6.710480154548783,20.852615778053536,6.834514086245491,20.976649709750244,nan,nan,not_evaluated_beyond_sun_application_range
10.0,with_pitch_downhill,-10.0,45.0,1.25,-9.999999986966532,-21.493762901632156,23.70615623442378,8.127317698310522,22.26945330360936,8.274240490948303,22.416376096247145,nan,nan,not_evaluated_beyond_sun_application_range
10.0,with_pitch_downhill,-10.0,45.0,1.5,-9.999999767553012,-23.197561757528977,25.261173109050798,9.332085578241832,23.474220873243098,9.501579360523428,23.643714655524693,nan,nan,not_evaluated_beyond_sun_application_range
10.0,with_pitch_downhill,-10.0,45.0,1.75,-9.99999826441092,-24.658360673422703,26.608921744197392,10.36502746050221,24.507160629739545,10.556824494998539,24.69895766423587,1072.6435923399397,1093.8675584468795,published_analytical_application
10.0,with_pitch_downhill,-10.0,45.0,2.0,-9.999992510715396,-25.912438774800396,27.775066759094262,11.25179865860105,25.393923690884137,11.465571479926773,25.607696512209863,1476.804510448417,1507.1046221485044,published_analytical_application
10.0,with_pitch_downhill,-10.0,45.0,2.5,-9.999948938537905,-27.891703941593168,29.63015571236252,12.651381289988716,26.793444701907458,12.90777265893604,27.04983607085478,2474.305496806773,2529.546375880972,published_analytical_application
10.0,with_pitch_downhill,-10.0,45.0,3.0,-9.999845947807025,-29.257873159874148,30.919574072408512,13.617481633927728,27.759399394958056,13.914009051821235,28.055926812851567,3691.7479976290997,3781.929337089039,published_analytical_application
10.0,with_pitch_downhill,-10.0,45.0,3.25,-9.999781828245911,-29.73173794123875,31.36832602513263,13.952599973572589,28.094427055849977,14.267952676293257,28.409779758570643,4364.576131465678,4476.119484923651,published_analytical_application
20.0,against_pitch_uphill,20.0,15.0,1.0,19.999999999756977,-19.490052330723035,27.926011885777772,24.002325803958346,14.274119792310728,24.17175930807608,14.228720221711606,993.5511003731307,1001.6121185997885,published_analytical_application
20.0,against_pitch_uphill,20.0,15.0,1.25,19.999999979732678,-21.493763456532918,29.35952769910812,25.937762123618185,13.75552117272533,26.138462395937793,13.701743696836585,1629.1939862272814,1644.581007216996,published_analytical_application
20.0,against_pitch_uphill,20.0,15.0,1.5,19.999999632063307,-23.19756253839068,30.628857193912395,27.583505569608747,13.314545185489527,27.81503838978263,13.252506153302637,2449.393745990448,2475.955974033391,published_analytical_application
20.0,against_pitch_uphill,20.0,15.0,1.75,19.99999721446507,-24.658360571089652,31.74956117228204,28.994527490664478,12.936460498358164,29.256527111069676,12.866257911653332,3464.2824530961957,3506.947909332037,published_analytical_application
20.0,against_pitch_uphill,20.0,15.0,2.0,19.9999878478427,-25.912438412402025,32.733071630850404,30.205871241504685,12.611872221523013,30.497890341990264,12.533625939373442,4680.442275134056,4745.278494192212,published_analytical_application
20.0,against_pitch_uphill,20.0,15.0,2.5,19.999915838000092,-27.891703855807897,34.321185549266445,32.1176762128532,12.099531073289567,32.467913335069106,12.005685319232414,7720.6910439787835,7852.508732667379,published_analytical_application
20.0,against_pitch_uphill,20.0,15.0,3.0,19.999743578657412,-29.257873491433845,35.4402723529715,33.43725016299765,11.745773963000886,33.8423141533491,11.637237393903288,11522.659734385405,11757.25628290527,published_analytical_application
20.0,against_pitch_uphill,20.0,15.0,3.25,19.999635675830124,-29.731738603695447,35.83241141151976,33.89494078580177,11.623024421010333,34.32572059846855,11.50759731809064,13666.356844285818,13966.472805431988,published_analytical_application
20.0,against_pitch_uphill,20.0,30.0,1.0,19.999999999756977,-19.490052330723035,27.926011885777772,26.878880439372743,7.575481910116793,27.03079036332819,7.487776674628541,1135.2810565726677,1143.0904628887586,published_analytical_application
20.0,against_pitch_uphill,20.0,30.0,1.25,19.999999979732678,-21.493763456532918,29.35952769910812,28.61414516615747,6.5736263298703,28.79408810757668,6.469736224203149,1842.7554327974135,1857.8388415724485,published_analytical_application
20.0,against_pitch_uphill,20.0,30.0,1.5,19.999999632063307,-23.19756253839068,30.628857193912395,30.08967828015621,5.721726487850913,30.297264927726008,5.601876280996317,2749.682147600401,2775.9568608563636,published_analytical_application
20.0,against_pitch_uphill,20.0,30.0,1.75,19.99999721446507,-24.658360571089652,31.74956117228204,31.35476527747273,4.991325377799935,31.589667710845372,4.855704394658942,3866.6851889965697,3909.1954497000147,published_analytical_application
20.0,against_pitch_uphill,20.0,30.0,2.0,19.9999878478427,-25.912438412402025,32.733071630850404,32.44082386306121,4.364278345410832,32.70264102596116,4.213118135932083,5200.828648017589,5265.814886938051,published_analytical_application
20.0,against_pitch_uphill,20.0,30.0,2.5,19.999915838000092,-27.891703855807897,34.321185549266445,34.15488201296206,3.374583261354875,34.46889602618357,3.193287186292125,8526.127054877932,8659.4670482312,published_analytical_application
20.0,against_pitch_uphill,20.0,30.0,3.0,19.999743578657412,-29.257873491433845,35.4402723529715,35.337933493621726,2.691349262575101,35.701103932029355,2.4816727121987423,12679.240433437411,12918.069859969562,published_analytical_application
20.0,against_pitch_uphill,20.0,30.0,3.25,19.999635675830124,-29.731738603695447,35.83241141151976,35.74825876739379,2.4543232598547275,36.13448538133597,2.231335220327012,15022.58158751854,15328.816280187257,published_analytical_application
20.0,against_pitch_uphill,20.0,45.0,1.0,19.999999999756977,-19.490052330723035,27.926011885777772,27.923683792294042,0.36058745482417576,28.047717725812653,0.23655352130556284,1189.7670013204597,1196.361057090864,published_analytical_application
20.0,against_pitch_uphill,20.0,45.0,1.25,19.999999979732678,-21.493763456532918,29.35952769910812,29.34052150273382,1.056250283934241,29.487444299164686,1.2031730803651028,1904.2867386768467,1916.9471117302692,published_analytical_application
20.0,against_pitch_uphill,20.0,45.0,1.5,19.999999632063307,-23.19756253839068,30.628857193912395,30.54528914145549,2.261018414334649,30.71478292944248,2.4305122023216383,2807.6684190894766,2829.5444593222705,published_analytical_application
20.0,against_pitch_uphill,20.0,45.0,1.75,19.99999721446507,-24.658360571089652,31.74956117228204,31.57822762682079,3.2939603187001683,31.770024660521155,3.485757352400532,3907.1135864309367,3942.176111101628,published_analytical_application
20.0,against_pitch_uphill,20.0,45.0,2.0,19.9999878478427,-25.912438412402025,32.733071630850404,32.464987949346366,4.180733887630128,32.67876076768237,4.394506705966132,5206.787295970373,5259.84835009289,published_analytical_application
20.0,against_pitch_uphill,20.0,45.0,2.5,19.999915838000092,-27.891703855807897,34.321185549266445,33.864489047498836,5.580336823078639,34.12088041565759,5.836728191237391,8405.197751082225,8511.851571516316,published_analytical_application
20.0,against_pitch_uphill,20.0,45.0,3.0,19.999743578657412,-29.257873491433845,35.4402723529715,34.830395055351765,6.546486442430233,35.12692247660562,6.843013863684086,12355.784786313054,12543.348854122101,published_analytical_application
20.0,against_pitch_uphill,20.0,45.0,3.25,19.999635675830124,-29.731738603695447,35.83241141151976,35.16539199077879,6.881635975499021,35.48074470052587,7.196988685246104,14576.932717097412,14815.672833644363,published_analytical_application
20.0,with_pitch_downhill,-20.0,15.0,1.0,-19.999999999756977,-19.490052330723035,27.926011885777772,13.649563999983314,24.36291325878252,13.818997504101048,24.40831282938164,541.4259707514589,548.4276173860391,published_analytical_application
20.0,with_pitch_downhill,-20.0,15.0,1.25,-19.999999979732678,-21.493763456532918,29.35952769910812,15.585000330008494,24.881511839683945,15.7857006023281,24.93528931557269,920.9677779259785,933.6368545434041,published_analytical_application
20.0,with_pitch_downhill,-20.0,15.0,1.5,-19.999999632063307,-23.19756253839068,30.628857193912395,17.230743955965963,25.322487155274093,17.462276776139845,25.384526187460988,1415.8461033998785,1436.713874362892,published_analytical_application
20.0,with_pitch_downhill,-20.0,15.0,1.75,-19.99999721446507,-24.658360571089652,31.74956117228204,18.641767128462632,25.700567171964305,18.903766748867827,25.770769758669143,2030.1517077036995,2062.289151329957,published_analytical_application
20.0,with_pitch_downhill,-20.0,15.0,2.0,-19.9999878478427,-25.912438412402025,32.733071630850404,19.853115727823354,26.025137353874555,20.14513482830893,26.103383636024127,2765.3878432234387,2812.3980936480816,published_analytical_application
20.0,with_pitch_downhill,-20.0,15.0,2.5,-19.999915838000092,-27.891703855807897,34.321185549266445,21.76495797420927,26.53733938977456,22.115195096425175,26.63118514383171,4590.622311455003,4680.117940534096,published_analytical_application
20.0,with_pitch_downhill,-20.0,15.0,3.0,-19.999743578657412,-29.257873491433845,35.4402723529715,23.084621092350883,26.89076372056741,23.489685082702334,26.999300289665012,6844.184750138216,6995.475266047618,published_analytical_application
20.0,with_pitch_downhill,-20.0,15.0,3.25,-19.999635675830124,-29.731738603695447,35.83241141151976,23.542367569768455,27.01330481030275,23.973147382435233,27.128731913222445,8101.969773192274,8291.723970002316,published_analytical_application
20.0,with_pitch_downhill,-20.0,30.0,1.0,-19.999999999756977,-19.490052330723035,27.926011885777772,6.878880439615771,27.065534240839824,7.030790363571217,27.15323947632808,nan,nan,not_evaluated_beyond_sun_application_range
20.0,with_pitch_downhill,-20.0,30.0,1.25,-19.999999979732678,-21.493763456532918,29.35952769910812,8.614145186424796,28.067389786403215,8.794088127844004,28.17127989207037,nan,nan,not_evaluated_beyond_sun_application_range
20.0,with_pitch_downhill,-20.0,30.0,1.5,-19.999999632063307,-23.19756253839068,30.628857193912395,10.089678648092907,28.91928902624159,10.297265295662704,29.039139233096186,798.1543139741774,815.5655331135769,published_analytical_application
20.0,with_pitch_downhill,-20.0,30.0,1.75,-19.99999721446507,-24.658360571089652,31.74956117228204,11.354768063007667,29.649685948889584,11.589670496380306,29.78530693203058,1182.553845450991,1208.7845207140185,published_analytical_application
20.0,with_pitch_downhill,-20.0,30.0,2.0,-19.9999878478427,-25.912438412402025,32.733071630850404,12.440836015218515,30.276716757812853,12.702653178118462,30.427876967291603,1646.2249260295218,1683.8300122389078,published_analytical_application
20.0,with_pitch_downhill,-20.0,30.0,2.5,-19.999915838000092,-27.891703855807897,34.321185549266445,14.154966174961976,31.266287117162765,14.46898018818348,31.44758319222552,2801.1063338824965,2870.257370348277,published_analytical_application
20.0,with_pitch_downhill,-20.0,30.0,3.0,-19.999743578657412,-29.257873491433845,35.4402723529715,15.338189914964316,31.94922275400894,15.701360353371946,32.1588993043853,4221.273648915447,4335.039161952024,published_analytical_application
20.0,with_pitch_downhill,-20.0,30.0,3.25,-19.999635675830124,-29.731738603695447,35.83241141151976,15.748623091563674,32.18606186355017,16.134849705505854,32.409049903077886,5008.187652681102,5149.357061784581,published_analytical_application
20.0,with_pitch_downhill,-20.0,45.0,1.0,-19.999999999756977,-19.490052330723035,27.926011885777772,0.36058745482417154,27.92368379229404,0.23655352130555862,28.047717725812653,nan,nan,not_evaluated_beyond_sun_application_range
20.0,with_pitch_downhill,-20.0,45.0,1.25,-19.999999979732678,-21.493763456532918,29.35952769910812,1.0562502839342451,29.34052150273382,1.203173080365107,29.487444299164686,nan,nan,not_evaluated_beyond_sun_application_range
20.0,with_pitch_downhill,-20.0,45.0,1.5,-19.999999632063307,-23.19756253839068,30.628857193912395,2.2610184143346537,30.54528914145549,2.4305122023216432,30.714782929442478,nan,nan,not_evaluated_beyond_sun_application_range
20.0,with_pitch_downhill,-20.0,45.0,1.75,-19.99999721446507,-24.658360571089652,31.74956117228204,3.2939603187001736,31.578227626820794,3.485757352400537,31.770024660521155,nan,nan,not_evaluated_beyond_sun_application_range
20.0,with_pitch_downhill,-20.0,45.0,2.0,-19.9999878478427,-25.912438412402025,32.733071630850404,4.180733887630133,32.464987949346366,4.394506705966136,32.67876076768237,nan,nan,not_evaluated_beyond_sun_application_range
20.0,with_pitch_downhill,-20.0,45.0,2.5,-19.999915838000092,-27.891703855807897,34.321185549266445,5.580336823078643,33.864489047498836,5.836728191237396,34.12088041565759,nan,nan,not_evaluated_beyond_sun_application_range
20.0,with_pitch_downhill,-20.0,45.0,3.0,-19.999743578657412,-29.257873491433845,35.4402723529715,6.546486442430238,34.830395055351765,6.843013863684091,35.12692247660562,nan,nan,not_evaluated_beyond_sun_application_range
20.0,with_pitch_downhill,-20.0,45.0,3.25,-19.999635675830124,-29.731738603695447,35.83241141151976,6.881635975499027,35.16539199077879,7.196988685246109,35.48074470052587,nan,nan,not_evaluated_beyond_sun_application_range
33.3,against_pitch_uphill,33.3,15.0,1.0,33.29999999970427,-19.490052229461178,38.584350919607665,27.444619005996785,27.120933308112924,27.61405250923422,27.075533737749677,1164.5549978739343,1173.4261278953863,published_analytical_application
33.3,against_pitch_uphill,33.3,15.0,1.25,33.299999974898874,-21.493763339655814,39.634225876499684,29.38005530933602,26.602334687950865,29.580755580564272,26.548557212354545,1907.6860395220049,1925.0268489057285,published_analytical_application
33.3,against_pitch_uphill,33.3,15.0,1.5,33.299999537869134,-23.197562290674195,40.58345556321928,31.025798605817275,26.1613586482633,31.25733142351872,26.09931961673889,2870.133894993789,2900.7389356066956,published_analytical_application
33.3,against_pitch_uphill,33.3,15.0,1.75,33.29999646136896,-24.65836023699487,41.43578759845884,32.43682027290161,25.783273347037888,32.69881988975699,25.713070761284225,4066.818446306941,4117.0240250441675,published_analytical_application
33.3,against_pitch_uphill,33.3,15.0,2.0,33.29998441848453,-25.912438683449906,42.194116186914776,33.64816391559715,25.458682328509642,33.940183019137294,25.380436045541597,5508.762448625981,5586.61272886039,published_analytical_application
33.3,against_pitch_uphill,33.3,15.0,2.5,33.29989058827994,-27.891703564366868,43.43765464333831,35.55996269609785,24.946320249007865,35.91019981465412,24.85247449593131,9145.562219681533,9309.876268051572,published_analytical_application
33.3,against_pitch_uphill,33.3,15.0,3.0,33.29966365215674,-29.257873494274904,44.32708834058202,36.87952277910484,24.59251024883897,37.284586769495625,24.483973679730827,13740.819033872547,14042.619606561319,published_analytical_application
33.3,against_pitch_uphill,33.3,15.0,3.25,33.299520680258425,-29.731738427600337,44.641173231247016,37.337204152526425,24.469726879039097,37.76798396264178,24.354299776803057,16346.04891674817,16736.98366900238,published_analytical_application
33.3,against_pitch_uphill,33.3,30.0,1.0,33.29999999970427,-19.490052229461178,38.584350919607665,33.52888035165105,19.093619831035113,33.680790274817234,19.005914596002537,1524.2367347091392,1534.6585100402883,published_analytical_application
33.3,against_pitch_uphill,33.3,30.0,1.25,33.299999974898874,-21.493763339655814,39.634225876499684,35.264145062522026,18.091764254455693,35.44408800296275,17.987874149353463,2494.0351065946998,2515.3805476085636,published_analytical_application
33.3,against_pitch_uphill,33.3,30.0,1.5,33.299999537869134,-23.197562290674195,40.58345556321928,36.739678018530356,17.239864400467642,36.94726466388342,17.120014194892875,3758.5633318748214,3797.95349357875,published_analytical_application
33.3,against_pitch_uphill,33.3,30.0,1.75,33.29999646136896,-24.65836023699487,41.43578759845884,38.004764611590105,16.509462762980004,38.239667041780066,16.373841781676536,5345.741708131307,5413.254461262599,published_analytical_application
33.3,against_pitch_uphill,33.3,30.0,2.0,33.29998441848453,-25.912438683449906,42.194116186914776,39.090822383116475,15.882413110308631,39.352639548755064,15.731252899248723,7280.088246573812,7389.444425687445,published_analytical_application
33.3,against_pitch_uphill,33.3,30.0,2.5,33.29989058827994,-27.891703564366868,43.43765464333831,40.80486913570665,14.892699410509335,41.11888314564702,14.711403337340952,nan,nan,not_evaluated_beyond_sun_application_range
33.3,against_pitch_uphill,33.3,30.0,3.0,33.29966365215674,-29.257873494274904,44.32708834058202,41.98789353283181,14.209417913107584,42.35106397127471,13.999741362710868,nan,nan,not_evaluated_beyond_sun_application_range
33.3,against_pitch_uphill,33.3,30.0,3.25,33.299520680258425,-29.731738427600337,44.641173231247016,42.3982011171051,13.972361629148905,42.78442772875974,13.749373590941904,nan,nan,not_evaluated_beyond_sun_application_range
33.3,against_pitch_uphill,33.3,45.0,1.0,33.29999999970427,-19.490052229461178,38.584350919607665,37.3282039104349,9.765107716170935,37.45223784330909,9.641073783296747,1819.935213590273,1831.1341644351735,published_analytical_application
33.3,against_pitch_uphill,33.3,45.0,1.25,33.299999974898874,-21.493763339655814,39.634225876499684,38.7450416064523,8.34826998507342,38.891964402084234,8.201347189441483,2967.561227155248,2991.0940255186993,published_analytical_application
33.3,against_pitch_uphill,33.3,45.0,1.5,33.299999537869134,-23.197562290674195,40.58345556321928,39.94980908946923,7.1435018840031015,40.11930287564626,6.9740080978260615,4463.8135048501845,nan,published_analytical_application
33.3,against_pitch_uphill,33.3,45.0,1.75,33.29999646136896,-24.65836023699487,41.43578759845884,40.982747047841826,6.110559574802237,41.17454407894354,5.918762543700524,nan,nan,not_evaluated_beyond_sun_application_range
33.3,against_pitch_uphill,33.3,45.0,2.0,33.29998441848453,-25.912438683449906,42.194116186914776,41.86950590586483,5.2237836855687405,42.08327872643692,5.010010864996644,nan,nan,not_evaluated_beyond_sun_application_range
33.3,against_pitch_uphill,33.3,45.0,2.5,33.29989058827994,-27.891703564366868,43.43765464333831,43.26899117695165,3.8241657185340316,43.525382542431366,3.567774353054319,nan,nan,not_evaluated_beyond_sun_application_range
33.3,against_pitch_uphill,33.3,45.0,3.0,33.29966365215674,-29.257873494274904,44.32708834058202,44.234858730571155,2.8579772287712943,44.5313861518538,2.5614498074886467,nan,nan,not_evaluated_beyond_sun_application_range
33.3,against_pitch_uphill,33.3,45.0,3.25,33.299520680258425,-29.731738427600337,44.641173231247016,44.56983074189327,2.522803024651555,44.885183449772576,2.2074503167722415,nan,nan,not_evaluated_beyond_sun_application_range
33.3,with_pitch_downhill,-33.3,15.0,1.0,-33.29999999970427,-19.490052229461178,38.584350919607665,10.207270602321985,37.209726722167716,10.37670410555942,37.25512629253096,400.414603587316,407.31186917327636,published_analytical_application
33.3,with_pitch_downhill,-33.3,15.0,1.25,-33.299999974898874,-21.493763339655814,39.634225876499684,12.142706918501435,37.72832529440944,12.343407189729689,37.78210277000575,707.1898844413357,719.4981456962458,published_analytical_application
33.3,with_pitch_downhill,-33.3,15.0,1.5,-33.299999537869134,-23.197562290674195,40.58345556321928,13.788450441205933,38.16930048982037,14.019983258907377,38.23133952134478,1112.6508887366947,1132.679872673421,published_analytical_application
33.3,with_pitch_downhill,-33.3,15.0,1.75,-33.29999646136896,-24.65836023699487,41.43578759845884,15.199473700803942,38.54737984770385,15.461473317659319,38.61758243345751,1619.9709839223337,1650.489684872207,published_analytical_application
33.3,with_pitch_downhill,-33.3,15.0,2.0,-33.29998441848453,-25.912438683449906,42.194116186914776,16.41082357735518,38.87194760116589,16.702842680895323,38.95019388413394,2229.9421966822506,2274.166852849861,published_analytical_application
33.3,with_pitch_downhill,-33.3,15.0,2.5,-33.29989058827994,-27.891703564366868,43.43765464333831,18.322670927943786,39.384128414631874,18.67290804650005,39.47797416770843,3748.4644733775935,3831.353942756692,published_analytical_application
33.3,with_pitch_downhill,-33.3,15.0,3.0,-33.29966365215674,-29.257873494274904,44.32708834058202,19.642348481732192,39.737500007876136,20.04741247212298,39.846036576984275,5622.113606027924,5760.591004526479,published_analytical_application
33.3,with_pitch_downhill,-33.3,15.0,3.25,-33.299520680258425,-29.731738427600337,44.641173231247016,20.100103862854173,39.860007177177984,20.530883672969523,39.97543427941402,6664.882298834367,6837.774592555152,published_analytical_application
33.3,with_pitch_downhill,-33.3,30.0,1.0,-33.29999999970427,-19.490052229461178,38.584350919607665,0.22888035194678505,38.58367206049629,0.3807902751129738,38.671377295528856,nan,nan,not_evaluated_beyond_sun_application_range
33.3,with_pitch_downhill,-33.3,30.0,1.25,-33.299999974898874,-21.493763339655814,39.634225876499684,1.9641450876231588,39.5855275941115,2.1440880280638868,39.68941769921373,nan,nan,not_evaluated_beyond_sun_application_range
33.3,with_pitch_downhill,-33.3,30.0,1.5,-33.299999537869134,-23.197562290674195,40.58345556321928,3.4396784806612257,40.43742669114184,3.6472651260142976,40.5572768967166,nan,nan,not_evaluated_beyond_sun_application_range
33.3,with_pitch_downhill,-33.3,30.0,1.75,-33.29999646136896,-24.65836023699487,41.43578759845884,4.7047681502211525,41.16782299997487,4.939670580411111,41.303443981278335,nan,nan,not_evaluated_beyond_sun_application_range
33.3,with_pitch_downhill,-33.3,30.0,2.0,-33.29998441848453,-25.912438683449906,42.194116186914776,5.7908379646319545,41.79485179375853,6.052655130270547,41.94601200481844,nan,nan,not_evaluated_beyond_sun_application_range
33.3,with_pitch_downhill,-33.3,30.0,2.5,-33.29989058827994,-27.891703564366868,43.43765464333831,7.504978547426717,42.7844029748762,7.818992557367081,42.965699048044584,nan,nan,not_evaluated_beyond_sun_application_range
33.3,with_pitch_downhill,-33.3,30.0,3.0,-33.29966365215674,-29.257873494274904,44.32708834058202,8.688229880675085,43.46729140738248,9.051400319117981,43.676967957779205,nan,nan,not_evaluated_beyond_sun_application_range
33.3,with_pitch_downhill,-33.3,30.0,3.25,-33.299520680258425,-29.731738427600337,44.641173231247016,9.098680436846687,43.70410005674923,9.484907048501322,43.92708809495624,nan,nan,not_evaluated_beyond_sun_application_range
33.3,with_pitch_downhill,-33.3,45.0,1.0,-33.29999999970427,-19.490052229461178,38.584350919607665,9.765107716170927,37.32820391043491,9.64107378329674,37.45223784330909,nan,nan,not_evaluated_beyond_sun_application_range
33.3,with_pitch_downhill,-33.3,45.0,1.25,-33.299999974898874,-21.493763339655814,39.634225876499684,8.348269985073415,38.7450416064523,8.201347189441478,38.891964402084234,nan,nan,not_evaluated_beyond_sun_application_range
33.3,with_pitch_downhill,-33.3,45.0,1.5,-33.299999537869134,-23.197562290674195,40.58345556321928,7.143501884003094,39.94980908946923,6.974008097826055,40.11930287564626,nan,nan,not_evaluated_beyond_sun_application_range
33.3,with_pitch_downhill,-33.3,45.0,1.75,-33.29999646136896,-24.65836023699487,41.43578759845884,6.110559574802232,40.982747047841826,5.918762543700517,41.17454407894354,nan,nan,not_evaluated_beyond_sun_application_range
33.3,with_pitch_downhill,-33.3,45.0,2.0,-33.29998441848453,-25.912438683449906,42.194116186914776,5.223783685568736,41.86950590586482,5.010010864996637,42.08327872643692,nan,nan,not_evaluated_beyond_sun_application_range
33.3,with_pitch_downhill,-33.3,45.0,2.5,-33.29989058827994,-27.891703564366868,43.43765464333831,3.8241657185340268,43.26899117695165,3.5677743530543147,43.525382542431366,nan,nan,not_evaluated_beyond_sun_application_range
33.3,with_pitch_downhill,-33.3,45.0,3.0,-33.29966365215674,-29.257873494274904,44.32708834058202,2.857977228771288,44.234858730571155,2.5614498074886405,44.53138615185381,nan,nan,not_evaluated_beyond_sun_application_range
33.3,with_pitch_downhill,-33.3,45.0,3.25,-33.299520680258425,-29.731738427600337,44.641173231247016,2.5228030246515476,44.56983074189327,2.2074503167722366,44.885183449772576,nan,nan,not_evaluated_beyond_sun_application_range
